{
    "raw_ari": -0.0031907785849043194,
    "raw_nmi": 0.019544425068716804,
    "raw_homogeneity": 0.012621528390460693,
    "raw_completeness": 0.04328767471527119,
    "raw_v_measure": 0.019544425068716804,
    "mapped_ari": -0.0031907785849043194,
    "mapped_nmi": 0.019544425068716804,
    "mapped_homogeneity": 0.012621528390460693,
    "mapped_completeness": 0.04328767471527119,
    "mapped_v_measure": 0.019544425068716804,
    "mapped_accuracy": 0.20491803278688525,
    "mapped_precision": 0.06627502348535969,
    "mapped_recall": 0.20491803278688525,
    "mapped_f1": 0.0996862983201781,
    "num_clusters": 2,
    "num_unique_floors": 13,
    "total_aps": 123,
    "avg_cluster_size": 61.5,
    "std_cluster_size": 2.5,
    "singleton_clusters": 0,
    "singleton_ratio": 0.0,
    "avg_cluster_purity": 0.20540758676351895,
    "cluster_floor_ratio": 0.15384615384615385,
    "min_cluster_size": 59,
    "max_cluster_size": 64,
    "adjusted_f1_score": 0.0996862983201781,
    "metrics_ci": {
        "mapped_accuracy": {
            "mean": 0.20597540983606558,
            "std": 0.036427357369917146,
            "ci_lower": 0.13934426229508196,
            "ci_upper": 0.319672131147541
        },
        "mapped_precision": {
            "mean": 0.06976193223512862,
            "std": 0.019690010229159456,
            "ci_lower": 0.036174084459783346,
            "ci_upper": 0.1565941940604678
        },
        "mapped_recall": {
            "mean": 0.20381147540983605,
            "std": 0.03528855120684161,
            "ci_lower": 0.13114754098360656,
            "ci_upper": 0.3217274590163919
        },
        "mapped_f1": {
            "mean": 0.10056542311247253,
            "std": 0.026273628393918294,
            "ci_lower": 0.053363799901838996,
            "ci_upper": 0.18482535575682535
        }
    }
}