{
    "raw_ari": 0.23475644660088318,
    "raw_nmi": 0.6004511352279726,
    "raw_homogeneity": 0.6471851840744732,
    "raw_completeness": 0.5600119726390368,
    "raw_v_measure": 0.6004511352279726,
    "mapped_ari": 0.3577817931210561,
    "mapped_nmi": 0.6135288837798573,
    "mapped_homogeneity": 0.5684567459281065,
    "mapped_completeness": 0.666363946177646,
    "mapped_v_measure": 0.6135288837798573,
    "mapped_accuracy": 0.5934959349593496,
    "mapped_precision": 0.6438100517368811,
    "mapped_recall": 0.5934959349593496,
    "mapped_f1": 0.5737593628718987,
    "num_clusters": 20,
    "num_unique_floors": 13,
    "total_aps": 123,
    "avg_cluster_size": 6.15,
    "std_cluster_size": 4.725198408532704,
    "singleton_clusters": 1,
    "singleton_ratio": 0.05,
    "avg_cluster_purity": 0.7568851981351982,
    "cluster_floor_ratio": 1.5384615384615385,
    "min_cluster_size": 1,
    "max_cluster_size": 22,
    "adjusted_f1_score": 0.5737593628718987,
    "metrics_ci": {
        "mapped_accuracy": {
            "mean": 0.5938455284552845,
            "std": 0.0456583158160646,
            "ci_lower": 0.5121951219512195,
            "ci_upper": 0.7378069105691052
        },
        "mapped_precision": {
            "mean": 0.6550378221762201,
            "std": 0.04280444767551924,
            "ci_lower": 0.5705050893109379,
            "ci_upper": 0.7723642924421401
        },
        "mapped_recall": {
            "mean": 0.5951869918699186,
            "std": 0.04442532340352999,
            "ci_lower": 0.5040650406504065,
            "ci_upper": 0.7154471544715447
        },
        "mapped_f1": {
            "mean": 0.5721822019303873,
            "std": 0.04613261039600531,
            "ci_lower": 0.4858464613584961,
            "ci_upper": 0.7439928011593293
        }
    }
}