{
    "raw_ari": 0.2839848910454007,
    "raw_nmi": 0.7266751092650472,
    "raw_homogeneity": 0.7605094116659992,
    "raw_completeness": 0.6957230856527016,
    "raw_v_measure": 0.726675109265047,
    "mapped_ari": 0.22048618604361192,
    "mapped_nmi": 0.6004116527017324,
    "mapped_homogeneity": 0.5251529798038157,
    "mapped_completeness": 0.7008489853844693,
    "mapped_v_measure": 0.6004116527017324,
    "mapped_accuracy": 0.3559322033898305,
    "mapped_precision": 0.3176095091349329,
    "mapped_recall": 0.3559322033898305,
    "mapped_f1": 0.3231517568506601,
    "num_clusters": 20,
    "num_unique_floors": 13,
    "total_aps": 59,
    "avg_cluster_size": 2.95,
    "std_cluster_size": 2.3339880033967617,
    "singleton_clusters": 5,
    "singleton_ratio": 0.25,
    "avg_cluster_purity": 0.7848484848484849,
    "cluster_floor_ratio": 1.5384615384615385,
    "min_cluster_size": 1,
    "max_cluster_size": 11,
    "adjusted_f1_score": 0.3231517568506601,
    "metrics_ci": {
        "mapped_accuracy": {
            "mean": 0.3548813559322034,
            "std": 0.06280377140712905,
            "ci_lower": 0.23728813559322035,
            "ci_upper": 0.5423728813559322
        },
        "mapped_precision": {
            "mean": 0.34207827510073663,
            "std": 0.07186308698433212,
            "ci_lower": 0.20282132768361583,
            "ci_upper": 0.6009683561494986
        },
        "mapped_recall": {
            "mean": 0.35501694915254234,
            "std": 0.06411863286692823,
            "ci_lower": 0.23728813559322035,
            "ci_upper": 0.593237288135589
        },
        "mapped_f1": {
            "mean": 0.3247358414865266,
            "std": 0.06400222269355041,
            "ci_lower": 0.19840279071211278,
            "ci_upper": 0.5316004234766363
        }
    }
}