{
    "raw_ari": 0.535737255386939,
    "raw_nmi": 0.631870519380902,
    "raw_homogeneity": 0.6826841650186253,
    "raw_completeness": 0.5880971853718818,
    "raw_v_measure": 0.6318705193809019,
    "mapped_ari": 0.6690197203756421,
    "mapped_nmi": 0.6640546427237399,
    "mapped_homogeneity": 0.6557528206036447,
    "mapped_completeness": 0.6725693620381408,
    "mapped_v_measure": 0.66405464272374,
    "mapped_accuracy": 0.7651434643995749,
    "mapped_precision": 0.7644032626087044,
    "mapped_recall": 0.7651434643995749,
    "mapped_f1": 0.7528316535234851,
    "num_clusters": 20,
    "num_unique_floors": 9,
    "total_aps": 8371,
    "avg_cluster_size": 418.55,
    "std_cluster_size": 256.5280637669103,
    "singleton_clusters": 0,
    "singleton_ratio": 0.0,
    "avg_cluster_purity": 0.7569433118918778,
    "cluster_floor_ratio": 2.2222222222222223,
    "min_cluster_size": 89,
    "max_cluster_size": 967,
    "adjusted_f1_score": 0.6775484881711366
}