{
    "raw_ari": -0.0019735704024269477,
    "raw_nmi": 0.13819073608843818,
    "raw_homogeneity": 0.15652039623297606,
    "raw_completeness": 0.1237040994804654,
    "raw_v_measure": 0.13819073608843818,
    "mapped_ari": 0.005526293293311913,
    "mapped_nmi": 0.013857105920608459,
    "mapped_homogeneity": 0.008642151299511312,
    "mapped_completeness": 0.034942612629592494,
    "mapped_v_measure": 0.013857105920608457,
    "mapped_accuracy": 0.33014861995753714,
    "mapped_precision": 0.2149743847487046,
    "mapped_recall": 0.33014861995753714,
    "mapped_f1": 0.20546530682990377,
    "num_clusters": 1071,
    "num_unique_floors": 9,
    "total_aps": 8371,
    "avg_cluster_size": 7.816059757236228,
    "std_cluster_size": 106.89327628617922,
    "singleton_clusters": 1019,
    "singleton_ratio": 0.9514472455648926,
    "avg_cluster_purity": 0.941921186089207,
    "cluster_floor_ratio": 119.0,
    "min_cluster_size": 1,
    "max_cluster_size": 2481,
    "adjusted_f1_score": 0.000498795329372316,
    "metrics_ci": {
        "mapped_accuracy": {
            "mean": 0.32979405520169847,
            "std": 0.015157824784028887,
            "ci_lower": 0.3003980891719745,
            "ci_upper": 0.36969294055201674
        },
        "mapped_precision": {
            "mean": 0.21157127726715624,
            "std": 0.040374523398253946,
            "ci_lower": 0.1460134016383114,
            "ci_upper": 0.3155327753108507
        },
        "mapped_recall": {
            "mean": 0.33000424628450103,
            "std": 0.01575499963291159,
            "ci_lower": 0.3003980891719745,
            "ci_upper": 0.37685774946921446
        },
        "mapped_f1": {
            "mean": 0.20518133950713685,
            "std": 0.014368289883650534,
            "ci_lower": 0.17833636022273408,
            "ci_upper": 0.2556633201926309
        }
    },
    "baseline_comparison": {
        "mcnemar": {
            "test_type": "McNemar",
            "chi2_statistic": 263.5802752293578,
            "p_value": 0.0,
            "discordant_pairs": {
                "only_method1_correct": 48,
                "only_method2_correct": 388
            }
        },
        "paired_t": {
            "test_type": "Paired t-test",
            "t_statistic": -19.203060971257056,
            "p_value": 1.3659016551483603e-69,
            "mean_difference": -0.361317747077577
        },
        "wilcoxon": {
            "test_type": "Wilcoxon Signed-Rank",
            "statistic": 10488.0,
            "p_value": 1.302207095661408e-59
        }
    }
}