{
    "raw_ari": -0.002244503453643734,
    "raw_nmi": 0.130031781810621,
    "raw_homogeneity": 0.1703215229685532,
    "raw_completeness": 0.10515682152213272,
    "raw_v_measure": 0.130031781810621,
    "mapped_ari": 0.013891701439885438,
    "mapped_nmi": 0.020449840461112433,
    "mapped_homogeneity": 0.013775779228264156,
    "mapped_completeness": 0.03966821656778717,
    "mapped_v_measure": 0.02044984046111243,
    "mapped_accuracy": 0.32908704883227174,
    "mapped_precision": 0.23766734544128792,
    "mapped_recall": 0.32908704883227174,
    "mapped_f1": 0.22116583620103802,
    "num_clusters": 1061,
    "num_unique_floors": 9,
    "total_aps": 8371,
    "avg_cluster_size": 7.889726672950047,
    "std_cluster_size": 70.69945481035461,
    "singleton_clusters": 1013,
    "singleton_ratio": 0.9547596606974552,
    "avg_cluster_purity": 0.9242041382932917,
    "cluster_floor_ratio": 117.88888888888889,
    "min_cluster_size": 1,
    "max_cluster_size": 1338,
    "adjusted_f1_score": 0.0005002808735933001,
    "metrics_ci": {
        "mapped_accuracy": {
            "mean": 0.33001380042462847,
            "std": 0.015720032227333165,
            "ci_lower": 0.29936305732484075,
            "ci_upper": 0.37951220806794045
        },
        "mapped_precision": {
            "mean": 0.23451751688140518,
            "std": 0.03957301469231316,
            "ci_lower": 0.1709317925894185,
            "ci_upper": 0.34177483609819204
        },
        "mapped_recall": {
            "mean": 0.32926220806794054,
            "std": 0.015318135684681261,
            "ci_lower": 0.3014596602972399,
            "ci_upper": 0.3845570594479823
        },
        "mapped_f1": {
            "mean": 0.22020044592469817,
            "std": 0.014333750621961959,
            "ci_lower": 0.19452539470578512,
            "ci_upper": 0.26875509881412485
        }
    }
}