{
    "raw_ari": -0.0018124975575433077,
    "raw_nmi": 0.13033221334614917,
    "raw_homogeneity": 0.16919506606890763,
    "raw_completeness": 0.1059876383272366,
    "raw_v_measure": 0.13033221334614914,
    "mapped_ari": 0.013891701439885438,
    "mapped_nmi": 0.020449840461112433,
    "mapped_homogeneity": 0.013775779228264156,
    "mapped_completeness": 0.03966821656778717,
    "mapped_v_measure": 0.02044984046111243,
    "mapped_accuracy": 0.32908704883227174,
    "mapped_precision": 0.23766734544128792,
    "mapped_recall": 0.32908704883227174,
    "mapped_f1": 0.22116583620103802,
    "num_clusters": 1060,
    "num_unique_floors": 9,
    "total_aps": 8371,
    "avg_cluster_size": 7.8971698113207545,
    "std_cluster_size": 72.83220436036541,
    "singleton_clusters": 1013,
    "singleton_ratio": 0.9556603773584905,
    "avg_cluster_purity": 0.9239401621677268,
    "cluster_floor_ratio": 117.77777777777777,
    "min_cluster_size": 1,
    "max_cluster_size": 1326,
    "adjusted_f1_score": 0.0004903204859173962
}