{
    "raw_ari": -0.0009001860400461197,
    "raw_nmi": 0.1700458618741453,
    "raw_homogeneity": 0.26138056569751017,
    "raw_completeness": 0.12601292717369653,
    "raw_v_measure": 0.17004586187414525,
    "mapped_ari": 0.03424959897414965,
    "mapped_nmi": 0.04531789305267236,
    "mapped_homogeneity": 0.03390788489533044,
    "mapped_completeness": 0.06830128546016274,
    "mapped_v_measure": 0.04531789305267236,
    "mapped_accuracy": 0.34501061571125263,
    "mapped_precision": 0.34468054737982445,
    "mapped_recall": 0.34501061571125263,
    "mapped_f1": 0.26571982769537084,
    "num_clusters": 1141,
    "num_unique_floors": 9,
    "total_aps": 8371,
    "avg_cluster_size": 7.336546888694128,
    "std_cluster_size": 45.05685147706247,
    "singleton_clusters": 1013,
    "singleton_ratio": 0.887817703768624,
    "avg_cluster_purity": 0.8251881453960194,
    "cluster_floor_ratio": 126.77777777777777,
    "min_cluster_size": 1,
    "max_cluster_size": 824,
    "adjusted_f1_score": 0.001490453021253614,
    "metrics_ci": {
        "mapped_accuracy": {
            "mean": 0.3443067940552017,
            "std": 0.014927269119126754,
            "ci_lower": 0.31528662420382164,
            "ci_upper": 0.39225106157112516
        },
        "mapped_precision": {
            "mean": 0.3472688787626864,
            "std": 0.038023631475391714,
            "ci_lower": 0.27036101566321097,
            "ci_upper": 0.46836809917641736
        },
        "mapped_recall": {
            "mean": 0.3446613588110404,
            "std": 0.015593708708653583,
            "ci_lower": 0.31422505307855625,
            "ci_upper": 0.3861467622080679
        },
        "mapped_f1": {
            "mean": 0.26495766965526796,
            "std": 0.015716548171234704,
            "ci_lower": 0.23428590738789476,
            "ci_upper": 0.3137614843496458
        }
    }
}