{
    "raw_ari": 0.10006134385956568,
    "raw_nmi": 0.2630759975540165,
    "raw_homogeneity": 0.3236684763757675,
    "raw_completeness": 0.2215926602680072,
    "raw_v_measure": 0.2630759975540165,
    "mapped_ari": 0.24959853651374042,
    "mapped_nmi": 0.25004981611186416,
    "mapped_homogeneity": 0.22282787551193545,
    "mapped_completeness": 0.284848562092053,
    "mapped_v_measure": 0.2500498161118642,
    "mapped_accuracy": 0.5026567481402763,
    "mapped_precision": 0.40159658753554844,
    "mapped_recall": 0.5026567481402763,
    "mapped_f1": 0.44283530299014356,
    "num_clusters": 20,
    "num_unique_floors": 9,
    "total_aps": 8371,
    "avg_cluster_size": 418.55,
    "std_cluster_size": 221.00598973783494,
    "singleton_clusters": 0,
    "singleton_ratio": 0.0,
    "avg_cluster_purity": 0.528955502260499,
    "cluster_floor_ratio": 2.2222222222222223,
    "min_cluster_size": 156,
    "max_cluster_size": 1188,
    "adjusted_f1_score": 0.3985517726911292
}