{
    "raw_ari": -0.004266900637059593,
    "raw_nmi": 0.15869691285215543,
    "raw_homogeneity": 0.22326487646038437,
    "raw_completeness": 0.12309730409544217,
    "raw_v_measure": 0.1586969128521554,
    "mapped_ari": 0.016451269173054974,
    "mapped_nmi": 0.033337328779979705,
    "mapped_homogeneity": 0.02265792782752692,
    "mapped_completeness": 0.06305907206595818,
    "mapped_v_measure": 0.03333732877997971,
    "mapped_accuracy": 0.3386411889596603,
    "mapped_precision": 0.47526107595454653,
    "mapped_recall": 0.3386411889596603,
    "mapped_f1": 0.2344395768887852,
    "num_clusters": 1110,
    "num_unique_floors": 9,
    "total_aps": 8371,
    "avg_cluster_size": 7.5414414414414415,
    "std_cluster_size": 65.13012334773838,
    "singleton_clusters": 1013,
    "singleton_ratio": 0.9126126126126126,
    "avg_cluster_purity": 0.8678001061707864,
    "cluster_floor_ratio": 123.33333333333333,
    "min_cluster_size": 1,
    "max_cluster_size": 1425,
    "adjusted_f1_score": 0.0010243531062257732,
    "metrics_ci": {
        "mapped_accuracy": {
            "mean": 0.33862632696390654,
            "std": 0.015624574552111893,
            "ci_lower": 0.30889065817409767,
            "ci_upper": 0.3829631104033967
        },
        "mapped_precision": {
            "mean": 0.41155123905042795,
            "std": 0.06985225727593679,
            "ci_lower": 0.2751743882106735,
            "ci_upper": 0.5955118522115819
        },
        "mapped_recall": {
            "mean": 0.33907855626326966,
            "std": 0.015177358373955306,
            "ci_lower": 0.31104033970276007,
            "ci_upper": 0.4015421974522286
        },
        "mapped_f1": {
            "mean": 0.23449895616355132,
            "std": 0.016009985946399873,
            "ci_lower": 0.2036431799698227,
            "ci_upper": 0.27941667762515054
        }
    }
}