{
    "raw_ari": -0.002244503453643734,
    "raw_nmi": 0.130031781810621,
    "raw_homogeneity": 0.1703215229685532,
    "raw_completeness": 0.10515682152213272,
    "raw_v_measure": 0.130031781810621,
    "mapped_ari": 0.013891701439885438,
    "mapped_nmi": 0.020449840461112433,
    "mapped_homogeneity": 0.013775779228264156,
    "mapped_completeness": 0.03966821656778717,
    "mapped_v_measure": 0.02044984046111243,
    "mapped_accuracy": 0.32908704883227174,
    "mapped_precision": 0.23766734544128792,
    "mapped_recall": 0.32908704883227174,
    "mapped_f1": 0.22116583620103802,
    "num_clusters": 1061,
    "num_unique_floors": 9,
    "total_aps": 8371,
    "avg_cluster_size": 7.889726672950047,
    "std_cluster_size": 70.69945481035461,
    "singleton_clusters": 1013,
    "singleton_ratio": 0.9547596606974552,
    "avg_cluster_purity": 0.9242041382932917,
    "cluster_floor_ratio": 117.88888888888889,
    "min_cluster_size": 1,
    "max_cluster_size": 1338,
    "adjusted_f1_score": 0.0005002808735933001
}