{
    "raw_ari": -0.004266900637059593,
    "raw_nmi": 0.15869691285215543,
    "raw_homogeneity": 0.22326487646038437,
    "raw_completeness": 0.12309730409544217,
    "raw_v_measure": 0.1586969128521554,
    "mapped_ari": 0.016451269173054974,
    "mapped_nmi": 0.033337328779979705,
    "mapped_homogeneity": 0.02265792782752692,
    "mapped_completeness": 0.06305907206595818,
    "mapped_v_measure": 0.03333732877997971,
    "mapped_accuracy": 0.3386411889596603,
    "mapped_precision": 0.47526107595454653,
    "mapped_recall": 0.3386411889596603,
    "mapped_f1": 0.2344395768887852,
    "num_clusters": 1110,
    "num_unique_floors": 9,
    "total_aps": 8371,
    "avg_cluster_size": 7.5414414414414415,
    "std_cluster_size": 65.13012334773838,
    "singleton_clusters": 1013,
    "singleton_ratio": 0.9126126126126126,
    "avg_cluster_purity": 0.8678001061707864,
    "cluster_floor_ratio": 123.33333333333333,
    "min_cluster_size": 1,
    "max_cluster_size": 1425,
    "adjusted_f1_score": 0.0010243531062257732
}